A.H.,A.D. 1,A.D.2
1,622,623
2,623,624
3,624,625
4,625,626
5,626,627
6,627,628
7,628,629
8,629,630
9,630,631
10,631,632
11,632,633
12,633,634
13,634,635
14,635,636
15,636,637
16,637,638
17,638,639
18,639,640
19,640,
20,640,641
21,641,642
22,642,643
23,643,644
24,644,645
25,645,646
26,646,647
27,647,648
28,648,649
29,649,650
30,650,651
31,651,652
32,652,653
33,653,654
34,654,655
35,655,656
36,656,657
37,657,658
38,658,659
39,659,660
40,660,661
41,661,662
42,662,663
43,663,664
44,664,665
45,665,666
46,666,667
47,667,668
48,668,669
49,669,670
50,670,671
51,671,672
52,672,
53,672,673
54,673,674
55,674,675
56,675,676
57,676,677
58,677,678
59,678,679
60,679,680
61,680,681
62,681,682
63,682,683
64,683,684
65,684,685
66,685,686
67,686,687
68,687,688
69,688,689
70,689,690
71,690,691
72,691,692
73,692,693
74,693,694
75,694,695
76,695,696
77,696,697
78,697,698
79,698,699
80,699,700
81,700,701
82,701,702
83,702,703
84,703,704
85,704,705
86,705,
87,705,706
88,706,707
89,707,708
90,708,709
91,709,710
92,710,711
93,711,712
94,712,713
95,713,714
96,714,715
97,715,716
98,716,717
99,717,718
100,718,719
101,719,720
102,720,721
103,721,722
104,722,723
105,723,724
106,724,725
107,725,726
108,726,727
109,727,728
110,728,729
111,729,730
112,730,731
113,731,732
114,732,733
115,733,734
116,734,735
117,735,736
118,736,737
119,737,
120,737,738
121,738,739
122,739,740
123,740,741
124,741,742
125,742,743
126,743,744
127,744,745
128,745,746
129,746,747
130,747,748
131,748,749
132,749,750
133,750,751
134,751,752
135,752,753
136,753,754
137,754,755
138,755,756
139,756,757
140,757,758
141,758,759
142,759,760
143,760,761
144,761,762
145,762,763
146,763,764
147,764,765
148,765,766
149,766,767
150,767,768
151,768,769
152,769,770
153,770,
154,770,771
155,771,772
156,772,773
157,773,774
158,774,775
159,775,776
160,776,777
161,777,778
162,778,779
163,779,780
164,780,781
165,781,782
166,782,783
167,783,784
168,784,785
169,785,786
170,786,787
171,787,788
172,788,789
173,789,790
174,790,791
175,791,792
176,792,793
177,793,794
178,794,795
179,795,796
180,796,797
181,797,798
182,798,799
183,799,800
184,800,801
185,801,802
186,802,
187,802,803
188,803,804
189,804,805
190,805,806
191,806,807
192,807,808
193,808,809
194,809,810
195,810,811
196,811,812
197,812,813
198,813,814
199,814,815
200,815,816
201,816,817
202,817,818
203,818,819
204,819,820
205,820,821
206,821,822
207,822,823
208,823,824
209,824,825
210,825,826
211,826,827
212,827,828
213,828,829
214,829,830
215,830,831
216,831,832
217,832,833
218,833,834
219,834,835
220,835,
221,835,836
222,836,837
223,837,838
224,838,839
225,839,840
226,840,841
227,841,842
228,842,843
229,843,844
230,844,845
231,845,846
232,846,847
233,847,848
234,848,849
235,849,850
236,850,851
237,851,852
238,852,853
239,853,854
240,854,855
241,855,856
242,856,857
243,857,858
244,858,859
245,859,860
246,860,861
247,861,862
248,862,863
249,863,864
250,864,865
251,865,866
252,866,867
253,867,868
254,868,
255,868,869
256,869,870
257,870,871
258,871,872
259,872,873
260,873,874
261,874,875
262,875,876
263,876,877
264,877,878
265,878,879
266,879,880
267,880,881
268,881,882
269,882,883
270,883,884
271,884,885
272,885,886
273,886,887
274,887,888
275,888,889
276,889,890
277,890,891
278,891,892
279,892,893
280,893,894
281,894,895
282,895,896
283,896,897
284,897,898
285,898,899
286,899,900
287,900,
288,900,901
289,901,902
290,902,903
291,903,904
292,904,905
293,905,906
294,906,907
295,907,908
296,908,909
297,909,910
298,910,911
299,911,912
300,912,913
301,913,914
302,914,915
303,915,916
304,916,917
305,917,918
306,918,919
307,919,920
308,920,921
309,921,922
310,922,923
311,923,924
312,924,925
313,925,926
314,926,927
315,927,928
316,928,929
317,929,930
318,930,931
319,931,932
320,932,
321,933,
322,933,934
323,934,935
324,935,936
325,936,937
326,937,938
327,938,939
328,939,940
329,940,941
330,941,942
331,942,943
332,943,944
333,944,945
334,945,946
335,946,947
336,947,948
337,948,949
338,949,950
339,950,951
340,951,952
341,952,953
342,953,954
343,954,955
344,955,956
345,956,957
346,957,958
347,958,959
348,959,960
349,960,961
350,961,962
351,962,963
352,963,964
353,964,965
354,965,
355,965,966
356,966,967
357,967,968
358,968,969
359,969,970
360,970,971
361,971,972
362,972,973
363,973,974
364,974,975
365,975,976
366,976,977
367,977,978
368,978,979
369,979,980
370,980,981
371,981,982
372,982,983
373,983,984
374,984,985
375,985,986
376,986,987
377,987,988
378,988,989
379,989,990
380,990,991
381,991,992
382,992,993
383,993,994
384,994,995
385,995,996
386,996,997
387,997,998
388,998,
389,998,999
390,999,1000
391,1000,1001
392,1001,1002
393,1002,1003
394,1003,1004
395,1004,1005
396,1005,1006
397,1006,1007
398,1007,1008
399,1008,1009
400,1009,1010
401,1010,1011
402,1011,1012
403,1012,1013
404,1013,1014
405,1014,1015
406,1015,1016
407,1016,1017
408,1017,1018
409,1018,1019
410,1019,1020
411,1020,1021
412,1021,1022
413,1022,1023
414,1023,1024
415,1024,1025
416,1025,1026
417,1026,1027
418,1027,1028
419,1028,1029
420,1029,1030
421,1030,
422,1030,1031
423,1031,1032
424,1032,1033
425,1033,1034
426,1034,1035
427,1035,1036
428,1036,1037
429,1037,1038
430,1038,1039
431,1039,1040
432,1040,1041
433,1041,1042
434,1042,1043
435,1043,1044
436,1044,1045
437,1045,1046
438,1046,1047
439,1047,1048
440,1048,1049
441,1049,1050
442,1050,1051
443,1051,1052
444,1052,1053
445,1053,1054
446,1054,1055
447,1055,1056
448,1056,1057
449,1057,1058
450,1058,1059
